USE mydb;

INSERT INTO Usuario (cpf, regiao_atuacao, email, nome, perfil, senha)
VALUES
('12345678901', 'Agreste', 'gestor1@sprig.com', 'Marcos Silva', 'Gestor', '123456'),
('98765432100', 'Sertão', 'tecnico1@sprig.com', 'Fernanda Souza', 'Técnico', '123457'),
('11122233344', 'Norte', 'agricultor1@sprig.com', 'João Pereira', 'Agricultor', '123458'),
('22233344455', 'Agreste', 'gestor2@sprig.com', 'Maria Oliveira', 'Gestor', '123459'),
('33344455566', 'Sertão', 'tecnico2@sprig.com', 'Carlos Lima', 'Técnico', '123460'),
('44455566677', 'Norte', 'agricultor2@sprig.com', 'Ana Costa', 'Agricultor', '123461'),
('55566677788', 'Agreste', 'gestor3@sprig.com', 'Rafael Gomes', 'Gestor', '123462'),
('66677788899', 'Sertão', 'tecnico3@sprig.com', 'Juliana Ramos', 'Técnico', '123463'),
('77788899900', 'Norte', 'agricultor3@sprig.com', 'Paulo Souza', 'Agricultor', '123464'),
('88899900011', 'Agreste', 'gestor4@sprig.com', 'Carla Almeida', 'Gestor', '123465'),
('99900011122', 'Sertão', 'tecnico4@sprig.com', 'Eduardo Santos', 'Técnico', '123466'),
('10111213141', 'Norte', 'agricultor4@sprig.com', 'Bruna Rocha', 'Agricultor', '123467'),
('12131415161', 'Agreste', 'gestor5@sprig.com', 'Fábio Nascimento', 'Gestor', '123468'),
('13141516171', 'Sertão', 'tecnico5@sprig.com', 'Daniela Castro', 'Técnico', '123469'),
('14151617181', 'Norte', 'agricultor5@sprig.com', 'Thiago Lima', 'Agricultor', '123470'),
('15161718191', 'Agreste', 'gestor6@sprig.com', 'Helena Costa', 'Gestor', '123471'),
('16171819201', 'Sertão', 'tecnico6@sprig.com', 'Gustavo Souza', 'Técnico', '123472'),
('17181920211', 'Norte', 'agricultor6@sprig.com', 'Luiza Ferreira', 'Agricultor', '123473'),
('18192021221', 'Agreste', 'gestor7@sprig.com', 'Renato Silva', 'Gestor', '123474'),
('19102122231', 'Sertão', 'tecnico7@sprig.com', 'Patrícia Gomes', 'Técnico', '123475');

INSERT INTO Fornecedor (cnpj, nome) VALUES
('12.345.678/0001-01', 'AgroSertão Distribuidora de Sementes'),
('23.456.789/0001-02', 'Sementes VerdeVida LTDA'),
('34.567.890/0001-03', 'PlantMais Agronegócios'),
('45.678.901/0001-04', 'AgroPernambuco Insumos Rurais'),
('56.789.012/0001-05', 'CampoFértil Agropecuária'),
('67.890.123/0001-06', 'AgroSul Comércio de Sementes'),
('78.901.234/0001-07', 'RuralTech Brasil'),
('89.012.345/0001-08', 'PlantGrow Agroindustrial'),
('90.123.456/0001-09', 'EcoSementes Sustentáveis'),
('11.111.111/0001-10', 'SemeAgro Comércio e Distribuição'),
('22.222.222/0001-11', 'TerraFértil Agronegócios'),
('33.333.333/0001-12', 'SementePura Brasil'),
('44.444.444/0001-13', 'VidaVerde Agroecologia'),
('55.555.555/0001-14', 'CampoLivre Produtos Agrícolas'),
('66.666.666/0001-15', 'AgroNorte Nordeste'),
('77.777.777/0001-16', 'Sementes Raiz do Campo'),
('88.888.888/0001-17', 'PlantBem Insumos Agrícolas'),
('99.999.999/0001-18', 'SementesNordeste Comercial'),
('10.101.010/0001-19', 'FazendaNova Agro'),
('20.202.020/0001-20', 'EcoRural Distribuidora');


INSERT INTO Endereco_Fornecedor (cep, rua, numero, fk_fornecedor) VALUES
('55295-000', 'Rua das Sementes', 101, 1),
('55294-001', 'Avenida do Agricultor', 202, 2),
('55293-002', 'Rua Verdejante', 303, 3),
('55292-003', 'Travessa do Campo', 404, 4),
('55291-004', 'Rua São José da Terra', 505, 5),
('55290-005', 'Rua do Armazém Novo', 606, 6),
('55289-006', 'Avenida das Palmeiras', 707, 7),
('55288-007', 'Rua do Milharal', 808, 8),
('55287-008', 'Rua da Produção', 909, 9),
('55286-009', 'Rua do Engenho', 110, 10),
('55285-010', 'Rua Frei Damião', 211, 11),
('55284-011', 'Rua Bela Vista', 312, 12),
('55283-012', 'Rua do Horizonte', 413, 13),
('55282-013', 'Rua João Bezerra', 514, 14),
('55281-014', 'Rua das Palmeiras', 615, 15),
('55280-015', 'Rua do Progresso', 716, 16),
('55279-016', 'Rua do Agricultor Feliz', 817, 17),
('55278-017', 'Rua da Colheita', 918, 18),
('55277-018', 'Rua do Sol Nascente', 219, 19),
('55276-019', 'Rua das Acácias', 320, 20);

INSERT INTO Endereco_Armazem (cep, rua, numero) VALUES
('55000-001', 'Rua dos Armazéns', 100),
('55000-002', 'Avenida Central', 205),
('55000-003', 'Rua Frei Caneca', 310),
('55000-004', 'Rua do Progresso', 415),
('55000-005', 'Avenida Dom Pedro II', 520),
('55000-006', 'Rua Joaquim Nabuco', 625),
('55000-007', 'Rua das Mangueiras', 730),
('55000-008', 'Rua do Horizonte', 835),
('55000-009', 'Rua da Esperança', 940),
('55000-010', 'Rua São Miguel', 1045),
('55000-011', 'Rua do Trabalhador', 1150),
('55000-012', 'Rua da Liberdade', 1255),
('55000-013', 'Rua Boa Vista', 1360),
('55000-014', 'Rua das Sementes', 1465),
('55000-015', 'Rua do Agricultor', 1570),
('55000-016', 'Rua 13 de Maio', 1675),
('55000-017', 'Rua do Campo Verde', 1780),
('55000-018', 'Rua Santa Luzia', 1885),
('55000-019', 'Rua do Comércio', 1990),
('55000-020', 'Rua da Produção', 2095);

INSERT INTO Armazem (capacidade_total, nome, fk_endereco, responsavel)
VALUES
(5000, 'Armazém Central Agreste', 1, '12345678901'),     
(4500, 'Armazém Sertão Verde', 2, '22233344455'),        
(4800, 'Armazém das Palmeiras', 3, '55566677788'),       
(5200, 'Armazém Frei Damião', 4, '88899900011'),        
(4000, 'Armazém Bela Vista', 5, '12131415161'),          
(6000, 'Armazém Horizonte', 6, '15161718191'),           
(5500, 'Armazém Boa Terra', 7, '18192021221'),           
(4700, 'Armazém do Progresso', 8, '12345678901'),
(4900, 'Armazém Santa Luzia', 9, '22233344455'),
(5300, 'Armazém do Campo', 10, '55566677788'),
(4200, 'Armazém Esperança', 11, '88899900011'),
(5100, 'Armazém do Agricultor', 12, '12131415161'),
(5000, 'Armazém Boa Safra', 13, '15161718191'),
(5400, 'Armazém Colheita Farta', 14, '18192021221'),
(4800, 'Armazém São José', 15, '12345678901'),
(4600, 'Armazém Novo Horizonte', 16, '22233344455'),
(5800, 'Armazém Verde Campo', 17, '55566677788'),
(5200, 'Armazém Terra Boa', 18, '88899900011'),
(5000, 'Armazém São Pedro', 19, '12131415161'),
(4700, 'Armazém União', 20, '15161718191');


INSERT INTO Endereco_Destino (cep, rua, numero) VALUES
('55290-001', 'Rua Principal', 101),
('55290-002', 'Rua das Flores', 202),
('55290-003', 'Avenida Brasil', 303),
('55290-004', 'Rua São João', 404),
('55290-005', 'Rua Bela Vista', 505),
('55290-006', 'Rua Nova Esperança', 606),
('55290-007', 'Rua das Palmeiras', 707),
('55290-008', 'Rua do Comércio', 808),
('55290-009', 'Rua José Bonifácio', 909),
('55290-010', 'Avenida 7 de Setembro', 1001),
('55290-011', 'Rua do Horizonte', 1102),
('55290-012', 'Rua Santa Luzia', 1203),
('55290-013', 'Rua Boa Vista', 1304),
('55290-014', 'Rua das Mangueiras', 1405),
('55290-015', 'Rua Dom Pedro II', 1506),
('55290-016', 'Rua da Liberdade', 1607),
('55290-017', 'Rua São José', 1708),
('55290-018', 'Rua Campo Verde', 1809),
('55290-019', 'Rua Santo Antônio', 1910),
('55290-020', 'Rua Progresso', 2011);

INSERT INTO Destino (latitude, longitude, nome_destino, tipo, fk_endereco) VALUES
(-8.8821, -36.4965, 'Associação Boa Colheita', 'Associação', 1),
(-8.8900, -36.4900, 'Comunidade Campo Verde', 'Comunidade', 2),
(-8.8855, -36.4932, 'Sítio São José', 'Agricultor', 3),
(-8.8888, -36.4870, 'Associação Terra Fértil', 'Associação', 4),
(-8.8809, -36.4999, 'Comunidade Nova Esperança', 'Comunidade', 5),
(-8.8790, -36.5015, 'Fazenda Santa Luzia', 'Agricultor', 6),
(-8.8875, -36.4920, 'Associação Vida Verde', 'Associação', 7),
(-8.8811, -36.4944, 'Comunidade União', 'Comunidade', 8),
(-8.8833, -36.4890, 'Sítio Bela Vista', 'Agricultor', 9),
(-8.8866, -36.4915, 'Associação Boa Esperança', 'Associação', 10),
(-8.8899, -36.4950, 'Comunidade Santo Antônio', 'Comunidade', 11),
(-8.8844, -36.4866, 'Fazenda Horizonte', 'Agricultor', 12),
(-8.8880, -36.4888, 'Associação São Pedro', 'Associação', 13),
(-8.8822, -36.4925, 'Comunidade Luz do Campo', 'Comunidade', 14),
(-8.8799, -36.4977, 'Sítio São Marcos', 'Agricultor', 15),
(-8.8850, -36.4910, 'Associação Raízes do Agreste', 'Associação', 16),
(-8.8805, -36.4938, 'Comunidade Boa Terra', 'Comunidade', 17),
(-8.8819, -36.4899, 'Sítio Esperança', 'Agricultor', 18),
(-8.8862, -36.4908, 'Associação dos Produtores do Norte', 'Associação', 19),
(-8.8831, -36.4885, 'Comunidade São João Batista', 'Comunidade', 20);

INSERT INTO Lote (quantidade, validade, data_recebimento, numero_lote, especie, status, qrcode, fk_fornecedor, fk_armazem) VALUES
(500, '2026-01-15 00:00:00', '2025-09-10', 1001, 'Milho Híbrido', 'Em Estoque', 'QR-1001-MH', 1, 1),
(300, '2026-02-20 00:00:00', '2025-09-11', 1002, 'Feijão Carioca', 'Em Estoque', 'QR-1002-FC', 2, 1),
(450, '2026-03-10 00:00:00', '2025-09-12', 1003, 'Soja Premium', 'Em Estoque', 'QR-1003-SP', 3, 2),
(250, '2026-04-01 00:00:00', '2025-09-13', 1004, 'Arroz Integral', 'Em Estoque', 'QR-1004-AI', 4, 2),
(600, '2026-05-22 00:00:00', '2025-09-14', 1005, 'Milho Doce', 'Em Rota', 'QR-1005-MD', 5, 3),
(700, '2026-06-30 00:00:00', '2025-09-15', 1006, 'Feijão Preto', 'Em Estoque', 'QR-1006-FP', 6, 3),
(520, '2026-07-15 00:00:00', '2025-09-16', 1007, 'Soja Comum', 'Em Estoque', 'QR-1007-SC', 7, 4),
(400, '2026-08-20 00:00:00', '2025-09-17', 1008, 'Arroz Branco', 'Em Rota', 'QR-1008-AB', 8, 4),
(650, '2026-09-10 00:00:00', '2025-09-18', 1009, 'Trigo Duro', 'Em Estoque', 'QR-1009-TD', 9, 5),
(480, '2026-10-05 00:00:00', '2025-09-19', 1010, 'Sorgo', 'Em Estoque', 'QR-1010-SO', 10, 5),
(300, '2026-01-30 00:00:00', '2025-09-20', 1011, 'Feijão Verde', 'Entregue', 'QR-1011-FV', 11, 6),
(540, '2026-03-12 00:00:00', '2025-09-21', 1012, 'Soja Premium', 'Entregue', 'QR-1012-SP', 12, 6),
(420, '2026-02-18 00:00:00', '2025-09-22', 1013, 'Milho Híbrido', 'Em Estoque', 'QR-1013-MH', 13, 7),
(510, '2026-04-09 00:00:00', '2025-09-23', 1014, 'Arroz Integral', 'Em Estoque', 'QR-1014-AI', 14, 7),
(580, '2026-06-25 00:00:00', '2025-09-24', 1015, 'Feijão Preto', 'Em Rota', 'QR-1015-FP', 15, 8),
(470, '2026-05-14 00:00:00', '2025-09-25', 1016, 'Soja Comum', 'Em Estoque', 'QR-1016-SC', 16, 8),
(620, '2026-07-20 00:00:00', '2025-09-26', 1017, 'Trigo Branco', 'Em Estoque', 'QR-1017-TB', 17, 9),
(350, '2026-08-30 00:00:00', '2025-09-27', 1018, 'Sorgo', 'Em Estoque', 'QR-1018-SO', 18, 9),
(400, '2026-09-25 00:00:00', '2025-09-28', 1019, 'Milho Doce', 'Em Estoque', 'QR-1019-MD', 19, 10),
(520, '2026-10-10 00:00:00', '2025-09-29', 1020, 'Feijão Carioca', 'Entregue', 'QR-1020-FC', 20, 10);

INSERT INTO Motorista (idMotorista, nome, cnh) VALUES
(1, 'Carlos Alberto da Silva', '123456789'),
(2, 'Fernanda Oliveira Lima', '987654321'),
(3, 'José Roberto Pereira', '456789123'),
(4, 'Mariana dos Santos', '321654987'),
(5, 'Paulo Henrique Souza', '654987321'),
(6, 'Ana Beatriz Castro', '741258963'),
(7, 'Rafael Gomes da Rocha', '852963741'),
(8, 'Luciana Almeida Ramos', '963147258'),
(9, 'Roberto Carvalho Nunes', '159357486'),
(10, 'Patrícia Andrade Costa', '258369147'),
(11, 'Eduardo Ferreira Lima', '753951456'),
(12, 'Camila Duarte Campos', '369258147'),
(13, 'Thiago Menezes Araújo', '951357258'),
(14, 'Larissa Nogueira Vieira', '147852369'),
(15, 'Felipe Barbosa Santos', '258147369'),
(16, 'Juliana Matos de Souza', '753159846'),
(17, 'Lucas Andrade Melo', '357951258'),
(18, 'Renata Correia Lima', '654123987'),
(19, 'André Pereira Costa', '789456123'),
(20, 'Bruna Carvalho Silva', '951456789');

INSERT INTO Rota 
(idRota, data_saida, data_retorno, distancia_total, tempo_estimado, custo_estimado, fk_motorista, armazem_origem)
VALUES
(1,  '2025-01-05', '2025-01-06', 120.5, 3.5, 450.75, 1, 1),
(2,  '2025-01-12', '2025-01-13', 98.7, 2.8, 380.50, 2, 2),
(3,  '2025-01-20', '2025-01-21', 140.2, 4.2, 500.90, 3, 3),
(4,  '2025-02-02', '2025-02-03', 110.8, 3.0, 420.10, 4, 4),
(5,  '2025-02-10', '2025-02-11', 160.0, 4.5, 550.60, 5, 5),
(6,  '2025-02-18', '2025-02-19', 130.6, 3.7, 470.80, 6, 1),
(7,  '2025-03-01', '2025-03-02', 125.3, 3.4, 460.30, 7, 2),
(8,  '2025-03-09', '2025-03-10', 150.7, 4.1, 520.20, 8, 3),
(9,  '2025-03-17', '2025-03-18', 135.5, 3.8, 485.90, 9, 4),
(10, '2025-03-25', '2025-03-26', 142.0, 4.0, 510.00, 10, 5),
(11, '2025-04-05', '2025-04-06', 115.9, 3.2, 435.40, 11, 1),
(12, '2025-04-13', '2025-04-14', 170.3, 4.6, 575.80, 12, 2),
(13, '2025-04-21', '2025-04-22', 128.6, 3.5, 455.20, 13, 3),
(14, '2025-05-03', '2025-05-04', 190.2, 5.0, 600.70, 14, 4),
(15, '2025-05-11', '2025-05-12', 155.8, 4.2, 540.60, 15, 5),
(16, '2025-05-20', '2025-05-21', 145.3, 3.9, 515.10, 16, 1),
(17, '2025-06-02', '2025-06-03', 165.9, 4.4, 565.00, 17, 2),
(18, '2025-06-10', '2025-06-11', 178.4, 4.8, 590.80, 18, 3),
(19, '2025-06-18', '2025-06-19', 132.7, 3.6, 475.50, 19, 4),
(20, '2025-06-26', '2025-06-27', 188.5, 4.9, 605.90, 20, 5);

INSERT INTO Entregas (data_prevista, data_entrega, quantidade_entregue, status, fk_lote, fk_rota, fk_destino) VALUES
('2025-10-01', '2025-10-03', 100, 'Entregue', 1, 1, 1),
('2025-10-02', '2025-10-05', 80, 'Entregue', 2, 2, 2),
('2025-10-03', NULL, 0, 'Em rota', 3, 3, 3),
('2025-10-04', '2025-10-06', 120, 'Entregue', 4, 4, 4),
('2025-10-05', NULL, 0, 'Atraso', 5, 5, 5),
('2025-10-06', '2025-10-07', 90, 'Entregue', 6, 6, 6),
('2025-10-07', NULL, 0, 'Em rota', 7, 7, 7),
('2025-10-08', '2025-10-09', 150, 'Entregue', 8, 8, 8),
('2025-10-09', NULL, 0, 'Atraso', 9, 9, 9),
('2025-10-10', '2025-10-12', 110, 'Entregue', 10, 10, 10),
('2025-10-11', NULL, 0, 'Em rota', 11, 11, 11),
('2025-10-12', '2025-10-13', 95, 'Entregue', 12, 12, 12),
('2025-10-13', NULL, 0, 'Atraso', 13, 13, 13),
('2025-10-14', '2025-10-15', 130, 'Entregue', 14, 14, 14),
('2025-10-15', NULL, 0, 'Em rota', 15, 15, 15),
('2025-10-16', '2025-10-18', 140, 'Entregue', 16, 16, 16),
('2025-10-17', NULL, 0, 'Atraso', 17, 17, 17),
('2025-10-18', '2025-10-19', 160, 'Entregue', 18, 18, 18),
('2025-10-19', NULL, 0, 'Em rota', 19, 19, 19),
('2025-10-20', '2025-10-21', 175, 'Entregue', 20, 20, 20);


INSERT INTO Relatorio 
(idRelatorio, periodo_inicio, periodo_fim, total_entregas, tempo_medio, volume_total, custo_medio, fk_usuario) 
VALUES
(1,  '2025-01-01 00:00:00', '2025-01-15 23:59:59', 120, 2.5, 450.75, 3.40, '12345678901'),
(2,  '2025-01-16 00:00:00', '2025-01-31 23:59:59', 135, 2.8, 500.50, 3.60, '98765432100'),
(3,  '2025-02-01 00:00:00', '2025-02-15 23:59:59', 110, 3.0, 470.20, 3.55, '11122233344'),
(4,  '2025-02-16 00:00:00', '2025-02-28 23:59:59', 145, 2.7, 520.40, 3.70, '12345678901'),
(5,  '2025-03-01 00:00:00', '2025-03-15 23:59:59', 160, 2.9, 560.30, 3.65, '98765432100'),
(6,  '2025-03-16 00:00:00', '2025-03-31 23:59:59', 130, 3.1, 495.10, 3.80, '11122233344'),
(7,  '2025-04-01 00:00:00', '2025-04-15 23:59:59', 155, 2.6, 530.00, 3.75, '12345678901'),
(8,  '2025-04-16 00:00:00', '2025-04-30 23:59:59', 170, 3.0, 590.60, 3.90, '98765432100'),
(9,  '2025-05-01 00:00:00', '2025-05-15 23:59:59', 140, 2.8, 505.90, 3.50, '11122233344'),
(10, '2025-05-16 00:00:00', '2025-05-31 23:59:59', 165, 2.9, 575.00, 3.85, '12345678901'),
(11, '2025-06-01 00:00:00', '2025-06-15 23:59:59', 180, 2.7, 610.70, 3.95, '98765432100'),
(12, '2025-06-16 00:00:00', '2025-06-30 23:59:59', 150, 3.2, 520.80, 3.60, '11122233344'),
(13, '2025-07-01 00:00:00', '2025-07-15 23:59:59', 175, 2.5, 600.90, 3.70, '12345678901'),
(14, '2025-07-16 00:00:00', '2025-07-31 23:59:59', 190, 2.6, 640.10, 3.80, '98765432100'),
(15, '2025-08-01 00:00:00', '2025-08-15 23:59:59', 160, 2.8, 555.50, 3.65, '11122233344'),
(16, '2025-08-16 00:00:00', '2025-08-31 23:59:59', 200, 3.0, 675.80, 4.00, '12345678901'),
(17, '2025-09-01 00:00:00', '2025-09-15 23:59:59', 185, 2.9, 640.20, 3.90, '98765432100'),
(18, '2025-09-16 00:00:00', '2025-09-30 23:59:59', 210, 3.1, 700.40, 4.10, '11122233344'),
(19, '2025-10-01 00:00:00', '2025-10-15 23:59:59', 195, 2.7, 665.30, 3.85, '12345678901'),
(20, '2025-10-16 00:00:00', '2025-10-31 23:59:59', 220, 3.0, 720.00, 4.20, '98765432100');


INSERT INTO Telefone_Fornecedor (idTelefone, telefone, fk_fornecedor)
VALUES
(1,  '8799100-1001', 1),
(2,  '8799100-1002', 2),
(3,  '8799100-1003', 3),
(4,  '8799100-1004', 4),
(5,  '8799100-1005', 5),
(6,  '8799100-1006', 6),
(7,  '8799100-1007', 7),
(8,  '8799100-1008', 8),
(9,  '8799100-1009', 9),
(10, '8799100-1010', 10),
(11, '8799100-1011', 11),
(12, '8799100-1012', 12),
(13, '8799100-1013', 13),
(14, '8799100-1014', 14),
(15, '8799100-1015', 15),
(16, '8799100-1016', 16),
(17, '8799100-1017', 17),
(18, '8799100-1018', 18),
(19, '8799100-1019', 19),
(20, '8799100-1020', 20);

INSERT INTO Telefone_Usuario (idTelefone, telefone, fk_usuario)
VALUES
(1,  '8799200-1001', '12345678901'),
(2,  '8799200-1002', '98765432100'),
(3,  '8799200-1003', '11122233344'),
(4,  '8799200-1004', '22233344455'),
(5,  '8799200-1005', '33344455566'),
(6,  '8799200-1006', '44455566677'),
(7,  '8799200-1007', '55566677788'),
(8,  '8799200-1008', '66677788899'),
(9,  '8799200-1009', '77788899900'),
(10, '8799200-1010', '88899900011'),
(11, '8799200-1011', '99900011122'),
(12, '8799200-1012', '10111213141'),
(13, '8799200-1013', '12131415161'),
(14, '8799200-1014', '13141516171'),
(15, '8799200-1015', '14151617181'),
(16, '8799200-1016', '15161718191'),
(17, '8799200-1017', '16171819201'),
(18, '8799200-1018', '17181920211'),
(19, '8799200-1019', '18192021221'),
(20, '8799200-1020', '19102122231');

INSERT INTO Telefone_Motorista (idTelefone, telefone, fk_motorista)
VALUES
(1,  '8799300-1001', 1),
(2,  '8799300-1002', 2),
(3,  '8799300-1003', 3),
(4,  '8799300-1004', 4),
(5,  '8799300-1005', 5),
(6,  '8799300-1006', 6),
(7,  '8799300-1007', 7),
(8,  '8799300-1008', 8),
(9,  '8799300-1009', 9),
(10, '8799300-1010', 10),
(11, '8799300-1011', 11),
(12, '8799300-1012', 12),
(13, '8799300-1013', 13),
(14, '8799300-1014', 14),
(15, '8799300-1015', 15),
(16, '8799300-1016', 16),
(17, '8799300-1017', 17),
(18, '8799300-1018', 18),
(19, '8799300-1019', 19),
(20, '8799300-1020', 20);

INSERT INTO Veiculo (idVeiculo, placa, modelo, capacidade, status)
VALUES
(1, 'ABC1A11', 'Caminhão Mercedes Atego', 8000, 'Ativo'),
(2, 'DEF2B22', 'Caminhão VW Delivery', 6000, 'Ativo'),
(3, 'GHI3C33', 'Caminhão Ford Cargo', 10000, 'Manutenção'),
(4, 'JKL4D44', 'Caminhão Iveco Tector', 9000, 'Ativo'),
(5, 'MNO5E55', 'Caminhão Agrale 8700', 7000, 'Ativo'),
(6, 'PQR6F66', 'Caminhão Mercedes Accelo', 7500, 'Ativo'),
(7, 'STU7G77', 'Caminhão VW Constellation', 12000, 'Manutenção'),
(8, 'VWX8H88', 'Caminhão Scania P310', 15000, 'Ativo'),
(9, 'YZA9I99', 'Caminhão Volvo VM270', 14000, 'Ativo'),
(10, 'BCD0J00', 'Caminhão Ford F-4000', 5000, 'Ativo'),
(11, 'EFG1K11', 'Caminhão Iveco Daily', 3500, 'Ativo'),
(12, 'HIJ2L22', 'Caminhão Mercedes Atego', 8500, 'Ativo'),
(13, 'KLM3M33', 'Caminhão VW Worker', 9500, 'Manutenção'),
(14, 'NOP4N44', 'Caminhão Ford Cargo', 11000, 'Ativo'),
(15, 'QRS5O55', 'Caminhão Scania R450', 16000, 'Ativo'),
(16, 'TUV6P66', 'Caminhão Volvo FH', 18000, 'Ativo'),
(17, 'WXY7Q77', 'Caminhão Mercedes Actros', 20000, 'Ativo'),
(18, 'ZAB8R88', 'Caminhão VW Delivery', 6000, 'Ativo'),
(19, 'CDE9S99', 'Caminhão Ford Cargo', 9000, 'Ativo'),
(20, 'FGH0T00', 'Caminhão Agrale 9200', 7000, 'Manutenção');

INSERT INTO Veiculo_Motorista (idVeiculo_Motorista, fk_veiculo, fk_motorista)
VALUES
(1,  1,  1),
(2,  2,  2),
(3,  3,  3),
(4,  4,  4),
(5,  5,  5),
(6,  6,  6),
(7,  7,  7),
(8,  8,  8),
(9,  9,  9),
(10, 10, 10),
(11, 11, 11),
(12, 12, 12),
(13, 13, 13),
(14, 14, 14),
(15, 15, 15),
(16, 16, 16),
(21, 1, 5),
(22, 1, 6),
(23, 2, 7);
